id,first_name,last_name,email,gender,job_title
1,Urbanus,Esh,uesh0@xrea.com,Male,Data Coordinator
2,Cornall,Laying,claying1@aboutads.info,Male,Pharmacist
3,Osbourne,Larham,olarham2@newsvine.com,Male,Senior Developer
4,Gordie,Badwick,gbadwick3@google.fr,Male,Accounting Assistant I
5,Sharl,Cubbinelli,scubbinelli4@delicious.com,Female,Developer II
6,Genevra,O'Brian,gobrian5@deviantart.com,Female,Senior Cost Accountant
7,Tuckie,Hayto,thayto6@cbsnews.com,Male,Analog Circuit Design manager
8,Octavia,Mumbeson,omumbeson7@fema.gov,Female,Sales Representative
9,Ainslie,Yakuntsov,ayakuntsov8@blogtalkradio.com,Female,Assistant Manager
10,Arline,Nitti,anitti9@redcross.org,Female,Civil Engineer
11,Denny,MacSkeagan,dmacskeagana@livejournal.com,Non-binary,Programmer I
12,King,Berthelet,kbertheletb@furl.net,Male,Operator
13,Dolley,Rosthorn,drosthornc@bing.com,Female,Physical Therapy Assistant
14,Ferd,Belliard,fbelliardd@diigo.com,Genderqueer,Quality Control Specialist
15,Quintus,Joutapavicius,qjoutapaviciuse@rediff.com,Male,VP Accounting
16,Lennie,Orpen,lorpenf@blogtalkradio.com,Male,Marketing Assistant
17,Shantee,McGaugan,smcgaugang@phoca.cz,Female,Statistician II
18,Bryce,Bridgman,bbridgmanh@163.com,Male,Project Manager
19,Bevon,Brick,bbricki@exblog.jp,Male,Structural Engineer
20,Daron,Pell,dpellj@craigslist.org,Female,Assistant Manager
21,Alika,Stanyer,astanyerk@java.com,Female,Environmental Specialist
22,Yorgo,Agass,yagassl@cnbc.com,Male,General Manager
23,Datha,Rawlingson,drawlingsonm@aol.com,Female,Executive Secretary
24,Marcelia,Sambrook,msambrookn@addtoany.com,Female,Financial Analyst
25,Stacie,Dimitriades,sdimitriadeso@oracle.com,Female,Automation Specialist II
26,Babs,Harley,bharleyp@xinhuanet.com,Female,Developer III
27,Wallas,Louca,wloucaq@phoca.cz,Male,Sales Associate
28,Aggi,Annear,aannearr@icq.com,Agender,Structural Engineer
29,Robby,Bim,rbims@typepad.com,Male,Payment Adjustment Coordinator
30,Jenna,Brabben,jbrabbent@go.com,Genderqueer,Staff Scientist
31,Melosa,Elgram,melgramu@opera.com,Female,Librarian
32,Bald,Littlepage,blittlepagev@goo.gl,Male,Executive Secretary
33,Bob,Cornall,bcornallw@reddit.com,Male,Accountant II
34,Torey,Boleyn,tboleynx@archive.org,Female,Nuclear Power Engineer
35,Osborn,Luggar,oluggary@msn.com,Male,Computer Systems Analyst II
36,Juliana,Vivyan,jvivyanz@mapquest.com,Female,Occupational Therapist
37,Dillie,Quidenham,dquidenham10@hhs.gov,Polygender,Graphic Designer
38,Fredrick,Sarsfield,fsarsfield11@moonfruit.com,Male,Associate Professor
39,Christabella,Sherme,csherme12@guardian.co.uk,Female,Project Manager
40,Griffie,Barroux,gbarroux13@blogs.com,Male,Sales Representative
41,Bradley,Lavery,blavery14@vimeo.com,Genderfluid,Account Coordinator
42,Torie,Dudgeon,tdudgeon15@yandex.ru,Female,Statistician II
43,Odetta,Abramovici,oabramovici16@odnoklassniki.ru,Female,Information Systems Manager
44,Wilton,Boak,wboak17@si.edu,Male,Computer Systems Analyst II
45,Keene,Deem,kdeem18@etsy.com,Male,Developer III
46,Benedicta,Furmenger,bfurmenger19@cam.ac.uk,Female,Librarian
47,Reinold,Shilliday,rshilliday1a@state.gov,Male,Nurse Practicioner
48,Stefano,Classen,sclassen1b@patch.com,Bigender,Dental Hygienist
49,August,Bracchi,abracchi1c@4shared.com,Male,Human Resources Assistant I
50,Karlie,Virr,kvirr1d@bloomberg.com,Female,VP Sales
51,Venus,Marian,vmarian1e@gmpg.org,Female,Nurse
52,Tailor,Mongin,tmongin1f@biblegateway.com,Male,Statistician I
53,Oswell,Haw,ohaw1g@twitpic.com,Male,VP Accounting
54,Yankee,Garman,ygarman1h@deliciousdays.com,Male,VP Accounting
55,Vickie,Sendley,vsendley1i@qq.com,Female,Graphic Designer
56,Ev,Stanmore,estanmore1j@psu.edu,Male,Occupational Therapist
57,Ulrikaumeko,Firth,ufirth1k@yahoo.co.jp,Female,Structural Engineer
58,Evelyn,Callaghan,ecallaghan1l@ifeng.com,Female,Assistant Professor
59,Bridie,Burd,bburd1m@ovh.net,Female,Financial Advisor
60,Dael,Walas,dwalas1n@stumbleupon.com,Male,Compensation Analyst
61,Hyacinth,Ianitti,hianitti1o@gizmodo.com,Female,Executive Secretary
62,Neile,Constable,nconstable1p@salon.com,Female,Executive Secretary
63,Carmelina,Challiss,cchalliss1q@nifty.com,Female,Executive Secretary
64,Mohandis,Matuszinski,mmatuszinski1r@xrea.com,Male,Financial Advisor
65,Carrissa,Peachment,cpeachment1s@walmart.com,Female,Assistant Professor
66,Maje,Litchmore,mlitchmore1t@bluehost.com,Male,Pharmacist
67,Fleur,Jeannin,fjeannin1u@prweb.com,Female,Chief Design Engineer
68,Seana,Dreini,sdreini1v@free.fr,Female,Analog Circuit Design manager
69,Karil,Lewtey,klewtey1w@tmall.com,Female,Account Representative IV
70,Shane,Bosher,sbosher1x@gizmodo.com,Female,Director of Sales
71,Jenn,Hariot,jhariot1y@skype.com,Female,Recruiter
72,Adler,Nieass,anieass1z@cpanel.net,Male,Staff Accountant IV
73,Zebulen,Altofts,zaltofts20@cafepress.com,Male,Physical Therapy Assistant
74,Celeste,Pomfrey,cpomfrey21@livejournal.com,Female,Registered Nurse
75,Rich,Hampshire,rhampshire22@slashdot.org,Male,Librarian
76,Talyah,Tree,ttree23@slate.com,Female,Programmer Analyst I
77,Carol,Millmoe,cmillmoe24@google.ru,Female,Financial Advisor
78,Mella,Dimitrijevic,mdimitrijevic25@instagram.com,Female,Social Worker
79,Norrie,Cavendish,ncavendish26@cnet.com,Male,Quality Engineer
80,Vincenz,Edmeads,vedmeads27@nba.com,Male,Speech Pathologist
81,Dev,Hinksen,dhinksen28@yellowbook.com,Male,Assistant Media Planner
82,Tallie,Hawtry,thawtry29@unc.edu,Non-binary,Sales Associate
83,Stavro,Caird,scaird2a@un.org,Male,Assistant Professor
84,Ignatius,Jencey,ijencey2b@salon.com,Male,VP Quality Control
85,Leodora,Albutt,lalbutt2c@webnode.com,Female,Librarian
86,Leeann,Leipnik,lleipnik2d@wisc.edu,Female,Office Assistant III
87,Konstantine,Fochs,kfochs2e@howstuffworks.com,Male,Junior Executive
88,Ruprecht,Dmitrienko,rdmitrienko2f@house.gov,Male,Web Developer IV
89,Tore,Phinnis,tphinnis2g@sfgate.com,Male,Statistician I
90,Fayette,Giacoboni,fgiacoboni2h@thetimes.co.uk,Female,Recruiter
91,Sauncho,Allatt,sallatt2i@ycombinator.com,Male,Environmental Specialist
92,Gaby,McClintock,gmcclintock2j@ow.ly,Male,VP Quality Control
93,Alexei,Sans,asans2k@arstechnica.com,Male,Structural Engineer
94,Lani,Goold,lgoold2l@apple.com,Polygender,Business Systems Development Analyst
95,Deirdre,Struys,dstruys2m@unc.edu,Female,Clinical Specialist
96,Karna,Kneller,kkneller2n@yandex.ru,Female,Business Systems Development Analyst
97,Paddie,Gibling,pgibling2o@reddit.com,Agender,Editor
98,Loni,Bellew,lbellew2p@webnode.com,Female,Staff Scientist
99,Talbert,Pammenter,tpammenter2q@nydailynews.com,Male,Software Engineer III
100,Shoshana,Medling,smedling2r@illinois.edu,Female,Electrical Engineer
