id,first_name,last_name,email,gender,job_title
1,Devlin,Nolda,dnolda0@cnet.com,Male,Budget/Accounting Analyst I
2,Layney,Davidove,ldavidove1@sun.com,Female,Assistant Professor
3,Darrel,Kobierski,dkobierski2@cpanel.net,Male,Marketing Manager
4,Gerti,Benedick,gbenedick3@ucoz.ru,Genderqueer,Recruiter
5,Ruby,O'Suaird,rosuaird4@aol.com,Male,Pharmacist
6,Pablo,Bereford,pbereford5@spiegel.de,Genderfluid,Senior Sales Associate
7,Leoine,Strutz,lstrutz6@spotify.com,Female,Structural Engineer
8,Saloma,Breeze,sbreeze7@list-manage.com,Female,Systems Administrator III
9,Shalom,Macken,smacken8@toplist.cz,Male,Dental Hygienist
10,Val,Donegan,vdonegan9@yelp.com,Agender,Geologist I
11,Lance,Treasaden,ltreasadena@ebay.co.uk,Male,Developer III
12,Danyelle,Mueller,dmuellerb@cdc.gov,Female,Web Designer I
13,Elinor,Charles,echarlesc@simplemachines.org,Female,Computer Systems Analyst IV
14,Nils,Johl,njohld@miitbeian.gov.cn,Male,Analog Circuit Design manager
15,Claus,Roadknight,croadknighte@rakuten.co.jp,Male,Senior Editor
16,Clayborne,Caswell,ccaswellf@google.cn,Male,Account Representative I
17,Chariot,Skurray,cskurrayg@flavors.me,Male,Analyst Programmer
18,Nikolaus,Hooke,nhookeh@ted.com,Male,Administrative Officer
19,Appolonia,McGilvary,amcgilvaryi@bizjournals.com,Female,Design Engineer
20,Catherine,Gillinghams,cgillinghamsj@cbslocal.com,Female,Senior Sales Associate
21,Alvin,Thomton,athomtonk@house.gov,Male,Electrical Engineer
22,Shaine,Berrane,sberranel@soup.io,Male,Structural Analysis Engineer
23,Romola,Carreyette,rcarreyettem@dailymotion.com,Female,Administrative Officer
24,Cherry,Deller,cdellern@vk.com,Polygender,Internal Auditor
25,Hamlen,Firbank,hfirbanko@github.io,Male,Chemical Engineer
26,Saxon,Pacitti,spacittip@sun.com,Male,Analyst Programmer
27,Zsazsa,Critcher,zcritcherq@furl.net,Female,Media Manager II
28,Jaimie,Quogan,jquoganr@sfgate.com,Male,Accounting Assistant IV
29,Dyan,Braund,dbraunds@a8.net,Female,Executive Secretary
30,Winny,Isgate,wisgatet@uiuc.edu,Male,Research Associate
31,Shannah,Brigge,sbriggeu@harvard.edu,Female,Accountant I
32,Eolanda,Arnholz,earnholzv@princeton.edu,Female,Internal Auditor
33,Anthony,Reschke,areschkew@imgur.com,Male,Analog Circuit Design manager
34,Melodie,Uglow,muglowx@kickstarter.com,Female,General Manager
35,Eolanda,Barrowcliff,ebarrowcliffy@thetimes.co.uk,Female,Help Desk Operator
36,Bone,Beton,bbetonz@google.co.jp,Male,Food Chemist
37,Pepito,Inmett,pinmett10@example.com,Male,Executive Secretary
38,Vaughn,D'eathe,vdeathe11@meetup.com,Male,Dental Hygienist
39,Trudey,Kemmer,tkemmer12@shareasale.com,Female,Computer Systems Analyst II
40,Bernardo,McIan,bmcian13@ihg.com,Male,General Manager
41,Claudell,Trevascus,ctrevascus14@japanpost.jp,Male,Engineer II
42,Raina,Barg,rbarg15@smugmug.com,Female,Community Outreach Specialist
43,Maxwell,Loudyan,mloudyan16@is.gd,Male,Nurse
44,Bobine,Kohring,bkohring17@hhs.gov,Female,Web Designer III
45,Kelvin,McKellen,kmckellen18@multiply.com,Male,Environmental Tech
46,Shel,Lively,slively19@istockphoto.com,Female,Data Coordinator
47,Hunt,Denslow,hdenslow1a@independent.co.uk,Male,Analog Circuit Design manager
48,Valentine,Veitch,vveitch1b@globo.com,Male,Systems Administrator IV
49,Stephan,Ruane,sruane1c@bigcartel.com,Bigender,Information Systems Manager
50,Kingsley,Endricci,kendricci1d@elpais.com,Bigender,Administrative Assistant III
51,Rozelle,Littley,rlittley1e@accuweather.com,Female,Food Chemist
52,Jeramey,McClean,jmcclean1f@artisteer.com,Male,Help Desk Operator
53,Christyna,Timperley,ctimperley1g@shop-pro.jp,Polygender,Quality Engineer
54,Cassey,Caron,ccaron1h@privacy.gov.au,Female,VP Accounting
55,Adena,Gluyus,agluyus1i@histats.com,Female,Account Representative IV
56,Myrlene,Bernhardt,mbernhardt1j@digg.com,Female,Account Executive
57,Westleigh,Dunsire,wdunsire1k@tinypic.com,Male,Safety Technician III
58,Marion,ducarme,mducarme1l@timesonline.co.uk,Male,Compensation Analyst
59,Randie,Beagan,rbeagan1m@usda.gov,Female,Administrative Assistant IV
60,Dorolice,Oleshunin,doleshunin1n@wikispaces.com,Female,Research Nurse
61,Daren,Earsman,dearsman1o@infoseek.co.jp,Male,Quality Engineer
62,Reginald,Gossage,rgossage1p@digg.com,Male,Registered Nurse
63,Bird,Heelis,bheelis1q@cocolog-nifty.com,Female,Financial Advisor
64,Wynne,Coverdale,wcoverdale1r@1688.com,Female,Recruiting Manager
65,Nikita,Flukes,nflukes1s@livejournal.com,Male,Paralegal
66,Griff,Dast,gdast1t@zimbio.com,Male,Editor
67,Sibelle,Foard,sfoard1u@nba.com,Female,Mechanical Systems Engineer
68,Hilliary,Neilly,hneilly1v@php.net,Female,Desktop Support Technician
69,Flora,Bowness,fbowness1w@merriam-webster.com,Female,Structural Analysis Engineer
70,Berke,Hoff,bhoff1x@abc.net.au,Male,Social Worker
71,Pierette,Gout,pgout1y@posterous.com,Female,Clinical Specialist
72,Kearney,Shervington,kshervington1z@yelp.com,Male,Payment Adjustment Coordinator
73,Kendal,Hearnden,khearnden20@hubpages.com,Male,Human Resources Assistant II
74,Georgetta,Mildenhall,gmildenhall21@hostgator.com,Female,Biostatistician III
75,Katrinka,Carthy,kcarthy22@mtv.com,Female,GIS Technical Architect
76,Donal,Pendre,dpendre23@aboutads.info,Male,VP Accounting
77,Taddeusz,Parmley,tparmley24@disqus.com,Male,Human Resources Manager
78,Olimpia,Secrett,osecrett25@businessinsider.com,Female,Information Systems Manager
79,Taddeo,Deason,tdeason26@surveymonkey.com,Male,Administrative Assistant IV
80,Andre,Demelt,ademelt27@bravesites.com,Male,Quality Control Specialist
81,Winnie,Blazewicz,wblazewicz28@marriott.com,Female,Senior Cost Accountant
82,Sharleen,Portugal,sportugal29@dmoz.org,Agender,Food Chemist
83,Sibylla,Wordsworth,swordsworth2a@youtube.com,Female,Legal Assistant
84,Mattheus,Smithin,msmithin2b@wsj.com,Male,Structural Analysis Engineer
85,Cindi,Hrycek,chrycek2c@seesaa.net,Female,Registered Nurse
86,Tedda,Dicey,tdicey2d@mapquest.com,Female,Project Manager
87,Sean,Yurov,syurov2e@go.com,Female,Associate Professor
88,Chloris,Hedin,chedin2f@symantec.com,Female,Developer IV
89,Lars,Yantsurev,lyantsurev2g@macromedia.com,Male,Help Desk Operator
90,Nickolai,Van Dale,nvandale2h@reference.com,Male,Account Coordinator
91,Griffie,Clemendot,gclemendot2i@cbsnews.com,Male,Information Systems Manager
92,Elfreda,Dispencer,edispencer2j@google.co.uk,Female,Engineer IV
93,Araldo,Lammie,alammie2k@umn.edu,Male,Professor
94,Cordi,Wannes,cwannes2l@blogspot.com,Female,Accountant III
95,El,Stallion,estallion2m@ucsd.edu,Bigender,Assistant Professor
96,Cassi,Tombleson,ctombleson2n@aol.com,Female,VP Product Management
97,Enrico,Spadelli,espadelli2o@blinklist.com,Male,Actuary
98,Tadeas,Besset,tbesset2p@utexas.edu,Male,Junior Executive
99,Parrnell,Maslen,pmaslen2q@feedburner.com,Male,Community Outreach Specialist
100,Dino,Stute,dstute2r@spiegel.de,Male,Environmental Tech
101,Waylen,Lantuff,wlantuff2s@netvibes.com,Male,Research Associate
102,Son,Candlin,scandlin2t@state.tx.us,Polygender,Human Resources Assistant IV
103,Vernor,Kohrding,vkohrding2u@blog.com,Male,VP Product Management
104,Robyn,Rickesies,rrickesies2v@cornell.edu,Female,Assistant Professor
105,Dione,Brummell,dbrummell2w@cnn.com,Female,Quality Control Specialist
106,Ed,Drowsfield,edrowsfield2x@blogger.com,Male,Project Manager
107,Brynne,Rustich,brustich2y@sun.com,Female,Senior Sales Associate
108,Benoit,Station,bstation2z@cyberchimps.com,Male,Social Worker
109,Lemuel,Strelitzki,lstrelitzki30@gov.uk,Male,Payment Adjustment Coordinator
110,Price,Swift,pswift31@rambler.ru,Male,VP Product Management
111,Bessie,Meenehan,bmeenehan32@pbs.org,Female,Recruiting Manager
112,Ruperto,Fforde,rfforde33@cbslocal.com,Male,Senior Cost Accountant
113,Debra,Sabates,dsabates34@cbsnews.com,Female,Accounting Assistant II
114,Wes,Childes,wchildes35@meetup.com,Male,Environmental Specialist
115,Irvine,Constanza,iconstanza36@imgur.com,Male,Financial Analyst
116,Odo,Doggart,odoggart37@usa.gov,Male,Director of Sales
117,Abe,Deverall,adeverall38@gmpg.org,Male,Social Worker
118,Sutherlan,Cottey,scottey39@shutterfly.com,Male,Desktop Support Technician
119,Chrysa,Whitty,cwhitty3a@themeforest.net,Female,Media Manager IV
120,Ingram,Guy,iguy3b@amazon.com,Male,Analyst Programmer
121,Trish,Wenham,twenham3c@artisteer.com,Female,Technical Writer
122,Delmore,Towle,dtowle3d@mapy.cz,Male,Human Resources Assistant III
123,Yasmeen,Dany,ydany3e@ameblo.jp,Female,Electrical Engineer
124,Jeanette,Yuryatin,jyuryatin3f@cmu.edu,Female,Technical Writer
125,Hernando,Belleny,hbelleny3g@ted.com,Bigender,Systems Administrator II
126,Evelin,Croxford,ecroxford3h@creativecommons.org,Male,Professor
127,Felita,Filippo,ffilippo3i@unicef.org,Female,VP Product Management
128,Roxi,Thirtle,rthirtle3j@altervista.org,Non-binary,Internal Auditor
129,Loretta,Janew,ljanew3k@rediff.com,Female,Chief Design Engineer
130,Erskine,Limrick,elimrick3l@thetimes.co.uk,Male,Product Engineer
131,Alene,Oganian,aoganian3m@indiegogo.com,Female,Programmer II
132,Margarette,Blasl,mblasl3n@topsy.com,Female,Chemical Engineer
133,Ethelbert,Hyam,ehyam3o@cmu.edu,Male,Desktop Support Technician
134,Raynor,Stile,rstile3p@china.com.cn,Male,Payment Adjustment Coordinator
135,Garfield,Mossbee,gmossbee3q@springer.com,Male,Senior Cost Accountant
136,Wenonah,Dresser,wdresser3r@w3.org,Female,Executive Secretary
137,Bronny,Karus,bkarus3s@liveinternet.ru,Male,VP Sales
138,Pail,Titcumb,ptitcumb3t@umich.edu,Male,Social Worker
139,Dania,Yarnley,dyarnley3u@deviantart.com,Female,Analyst Programmer
140,Kat,Morman,kmorman3v@phpbb.com,Genderqueer,Product Engineer
141,Renado,Raspison,rraspison3w@woothemes.com,Agender,Speech Pathologist
142,Marietta,Barwell,mbarwell3x@imdb.com,Male,VP Accounting
143,Tobin,Dudhill,tdudhill3y@google.com.br,Male,Software Consultant
144,Matthew,Robion,mrobion3z@columbia.edu,Male,Sales Associate
145,Missie,Binnie,mbinnie40@craigslist.org,Female,Desktop Support Technician
146,Genevra,Wartnaby,gwartnaby41@vimeo.com,Female,Research Assistant I
147,Grange,Ruane,gruane42@usda.gov,Male,Software Consultant
148,Ugo,Matejic,umatejic43@fema.gov,Male,VP Marketing
149,Roma,Drable,rdrable44@alibaba.com,Male,Desktop Support Technician
150,Meagan,Moreman,mmoreman45@usa.gov,Female,Speech Pathologist
151,Robbert,Fries,rfries46@google.nl,Male,Financial Analyst
152,Marmaduke,Le Marquand,mlemarquand47@auda.org.au,Male,Professor
153,Roz,Gunnell,rgunnell48@elegantthemes.com,Female,Help Desk Operator
154,Lois,Piegrome,lpiegrome49@dedecms.com,Non-binary,Account Coordinator
155,Jan,Birdwhistell,jbirdwhistell4a@barnesandnoble.com,Female,Programmer Analyst IV
156,Georgy,McNirlan,gmcnirlan4b@state.gov,Male,Editor
157,Graehme,Curcher,gcurcher4c@guardian.co.uk,Male,Chemical Engineer
158,Lissa,Whiley,lwhiley4d@tripadvisor.com,Female,Help Desk Technician
159,Mayor,Simmonds,msimmonds4e@wordpress.org,Male,Community Outreach Specialist
160,Lula,Tirkin,ltirkin4f@indiatimes.com,Female,Senior Sales Associate
161,Dan,Shallow,dshallow4g@mtv.com,Male,Analog Circuit Design manager
162,Lucinda,Edmondson,ledmondson4h@twitpic.com,Female,Nurse
163,Beitris,Hadlee,bhadlee4i@qq.com,Female,Computer Systems Analyst IV
164,Lyle,Youthed,lyouthed4j@apache.org,Male,Human Resources Manager
165,Tonya,Peach,tpeach4k@w3.org,Female,Research Associate
166,Tomas,Lante,tlante4l@sphinn.com,Male,Clinical Specialist
167,Britney,Carlyon,bcarlyon4m@pbs.org,Female,Project Manager
168,Trudy,Switland,tswitland4n@pcworld.com,Non-binary,Research Associate
169,Libbi,Stodd,lstodd4o@vkontakte.ru,Female,Administrative Officer
170,Maddie,Skittreal,mskittreal4p@marketwatch.com,Female,Occupational Therapist
171,Ambrosi,Sally,asally4q@spiegel.de,Male,Systems Administrator III
172,Jarvis,Snelle,jsnelle4r@phoca.cz,Male,Clinical Specialist
173,Elyse,Van Der Walt,evanderwalt4s@slideshare.net,Female,Media Manager IV
174,Carrissa,Diloway,cdiloway4t@bluehost.com,Female,Teacher
175,Anabel,Dunphie,adunphie4u@arizona.edu,Female,Project Manager
176,Pate,Manhare,pmanhare4v@xinhuanet.com,Male,Senior Financial Analyst
177,Othello,Taye,otaye4w@sfgate.com,Male,Software Consultant
178,Roarke,Spurr,rspurr4x@forbes.com,Male,Senior Developer
179,Ely,Nowick,enowick4y@nytimes.com,Male,VP Sales
180,Galvan,Brockton,gbrockton4z@plala.or.jp,Male,Dental Hygienist
181,Pearla,Gettings,pgettings50@java.com,Female,Quality Control Specialist
182,Ritchie,Fust,rfust51@intel.com,Male,Human Resources Manager
183,Janice,De Blasiis,jdeblasiis52@economist.com,Female,GIS Technical Architect
184,Rodolphe,Lade,rlade53@discovery.com,Male,Senior Financial Analyst
185,Magnum,Slemming,mslemming54@vistaprint.com,Male,Accountant IV
186,Calla,Clutten,cclutten55@delicious.com,Female,VP Product Management
187,Donica,Sympson,dsympson56@arstechnica.com,Female,Senior Quality Engineer
188,Sidnee,Banbridge,sbanbridge57@oracle.com,Male,Help Desk Operator
189,Juliane,Boss,jboss58@state.tx.us,Genderqueer,Staff Scientist
190,Dacey,Peppard,dpeppard59@tripadvisor.com,Agender,Human Resources Assistant II
191,Kara-lynn,Hampshire,khampshire5a@netlog.com,Female,Administrative Officer
192,Corabelle,Espinel,cespinel5b@cbsnews.com,Female,Assistant Professor
193,Lou,Son,lson5c@wisc.edu,Female,Quality Engineer
194,Carmelia,Stickings,cstickings5d@ning.com,Polygender,Administrative Assistant IV
195,Alia,Scollard,ascollard5e@istockphoto.com,Female,Quality Control Specialist
196,Agustin,Chesswas,achesswas5f@jugem.jp,Male,Civil Engineer
197,Bethanne,Indge,bindge5g@un.org,Female,Internal Auditor
198,Jefferson,Storrar,jstorrar5h@bluehost.com,Male,Systems Administrator III
199,Kendal,Saltmarshe,ksaltmarshe5i@tumblr.com,Male,Cost Accountant
200,Anni,Speakman,aspeakman5j@godaddy.com,Female,Senior Quality Engineer
201,Dulcea,Stut,dstut5k@twitter.com,Bigender,Registered Nurse
202,Raynard,McCarry,rmccarry5l@wiley.com,Male,Structural Engineer
203,Elmer,Hackly,ehackly5m@twitpic.com,Bigender,Executive Secretary
204,Ingra,Gullyes,igullyes5n@google.pl,Male,Occupational Therapist
205,Addia,Fazan,afazan5o@example.com,Female,Design Engineer
206,Jessie,Routley,jroutley5p@cargocollective.com,Male,Geological Engineer
207,Maxy,Vautin,mvautin5q@discovery.com,Female,Clinical Specialist
208,Waldon,Futty,wfutty5r@google.com.hk,Male,VP Marketing
209,Zorine,Thurgood,zthurgood5s@prweb.com,Female,Actuary
210,Bryant,Erat,berat5t@nymag.com,Male,Product Engineer
211,Godfry,Annice,gannice5u@delicious.com,Genderfluid,VP Product Management
212,Upton,Crispin,ucrispin5v@toplist.cz,Male,VP Marketing
213,Weider,Vials,wvials5w@lulu.com,Male,Engineer IV
214,Siouxie,Roller,sroller5x@apple.com,Female,Chemical Engineer
215,Cullie,Chapelhow,cchapelhow5y@etsy.com,Male,Web Developer IV
216,Myrna,Danovich,mdanovich5z@tinypic.com,Female,Environmental Tech
217,Gillie,Capelle,gcapelle60@wikia.com,Female,Senior Developer
218,Lev,Ancliffe,lancliffe61@cnet.com,Male,Office Assistant I
219,Farlay,Desporte,fdesporte62@mysql.com,Male,Associate Professor
220,Cristobal,Wallbrook,cwallbrook63@spiegel.de,Male,Structural Analysis Engineer
221,Hammad,Lagneaux,hlagneaux64@dailymail.co.uk,Male,Assistant Media Planner
222,Tull,Wyeth,twyeth65@icio.us,Male,Legal Assistant
223,Christie,Gillinghams,cgillinghams66@independent.co.uk,Male,Legal Assistant
224,Bradney,Menaul,bmenaul67@edublogs.org,Non-binary,Automation Specialist I
225,Genevra,Searsby,gsearsby68@illinois.edu,Female,Tax Accountant
226,Glyn,Snape,gsnape69@angelfire.com,Male,Research Associate
227,Artemas,O'Hagirtie,aohagirtie6a@adobe.com,Male,Product Engineer
228,Perkin,Brandom,pbrandom6b@home.pl,Male,Executive Secretary
229,Marja,Howett,mhowett6c@reddit.com,Female,Recruiter
230,Marris,Knibley,mknibley6d@homestead.com,Genderqueer,Compensation Analyst
231,Burg,Rendell,brendell6e@businesswire.com,Genderqueer,Payment Adjustment Coordinator
232,Claude,Coltart,ccoltart6f@sfgate.com,Female,Help Desk Technician
233,Chery,Glayzer,cglayzer6g@simplemachines.org,Female,VP Quality Control
234,Hester,Heijnen,hheijnen6h@bbc.co.uk,Female,Data Coordinator
235,Laurianne,Organer,lorganer6i@cdc.gov,Female,Structural Analysis Engineer
236,Essy,Leggitt,eleggitt6j@live.com,Female,Safety Technician IV
237,Angelo,Streatley,astreatley6k@pcworld.com,Polygender,Help Desk Operator
238,Roderigo,Spawell,rspawell6l@chron.com,Male,Environmental Specialist
239,Bianca,Delgado,bdelgado6m@godaddy.com,Female,Health Coach III
240,Elsbeth,Trenchard,etrenchard6n@twitpic.com,Female,Data Coordinator
241,Brigg,Clearie,bclearie6o@4shared.com,Male,Compensation Analyst
242,Leigh,Budcock,lbudcock6p@ning.com,Female,Internal Auditor
243,Lena,Bramo,lbramo6q@opensource.org,Female,Marketing Assistant
244,Chanda,Imbrey,cimbrey6r@example.com,Female,Librarian
245,Kleon,Witherup,kwitherup6s@taobao.com,Male,Human Resources Manager
246,Mordy,Dayment,mdayment6t@jalbum.net,Male,Recruiter
247,Teddie,Daspar,tdaspar6u@github.com,Female,Systems Administrator I
248,Kelvin,Schustl,kschustl6v@ft.com,Male,Payment Adjustment Coordinator
249,Isidro,Blooman,iblooman6w@cafepress.com,Male,Dental Hygienist
250,Tiebout,Ciciari,tciciari6x@yolasite.com,Genderqueer,Quality Engineer
251,Freddi,Ogers,fogers6y@hud.gov,Female,Business Systems Development Analyst
252,Elihu,Minghi,eminghi6z@opera.com,Male,Accountant III
253,Perl,MacGillespie,pmacgillespie70@rakuten.co.jp,Female,Associate Professor
254,Karen,Claye,kclaye71@linkedin.com,Female,VP Product Management
255,Alexandro,Bunten,abunten72@cnn.com,Male,Internal Auditor
256,Dillon,Myring,dmyring73@tripadvisor.com,Male,Software Consultant
257,Olvan,Kubach,okubach74@hibu.com,Male,Recruiting Manager
258,Pet,McOrkill,pmcorkill75@indiegogo.com,Female,Nurse Practicioner
259,Graehme,Noone,gnoone76@geocities.com,Male,Payment Adjustment Coordinator
260,Otis,Downgate,odowngate77@google.com,Male,Biostatistician II
261,Martainn,Addington,maddington78@washington.edu,Male,Analog Circuit Design manager
262,Petra,Wordsley,pwordsley79@about.me,Female,Teacher
263,Norma,Pignon,npignon7a@census.gov,Genderfluid,Legal Assistant
264,Marline,Halsey,mhalsey7b@theatlantic.com,Female,Software Test Engineer I
265,Ed,Ollenbuttel,eollenbuttel7c@cdbaby.com,Male,Software Consultant
266,Janet,Odde,jodde7d@dedecms.com,Female,Project Manager
267,Nehemiah,Pedgrift,npedgrift7e@gizmodo.com,Male,Cost Accountant
268,Nealy,Hassett,nhassett7f@friendfeed.com,Male,Systems Administrator III
269,Lincoln,Otteridge,lotteridge7g@blogs.com,Male,Analog Circuit Design manager
270,Camel,Maciejak,cmaciejak7h@state.tx.us,Female,Financial Advisor
271,Klarrisa,Sanchiz,ksanchiz7i@unc.edu,Non-binary,Budget/Accounting Analyst I
272,Cathlene,Burfield,cburfield7j@nih.gov,Female,Structural Analysis Engineer
273,Walther,Leibold,wleibold7k@google.de,Male,Developer I
274,Willie,Duffet,wduffet7l@independent.co.uk,Male,Internal Auditor
275,Vicki,Ianitti,vianitti7m@cbc.ca,Female,Electrical Engineer
276,Damita,Yorath,dyorath7n@amazonaws.com,Female,Editor
277,Colas,Ellard,cellard7o@w3.org,Male,Dental Hygienist
278,Lucila,Rylance,lrylance7p@engadget.com,Female,Electrical Engineer
279,Herby,Levesley,hlevesley7q@soup.io,Male,Community Outreach Specialist
280,Euell,Duffield,eduffield7r@techcrunch.com,Male,GIS Technical Architect
281,Giacobo,Petrulis,gpetrulis7s@ted.com,Male,Teacher
282,Kariotta,Stickells,kstickells7t@ebay.co.uk,Female,Engineer II
283,Bernardo,Paraman,bparaman7u@usda.gov,Male,Physical Therapy Assistant
284,Chance,Bagniuk,cbagniuk7v@barnesandnoble.com,Male,Business Systems Development Analyst
285,Bettye,Braunter,bbraunter7w@jigsy.com,Female,Environmental Tech
286,Pearle,Pestridge,ppestridge7x@dropbox.com,Female,Senior Financial Analyst
287,Bink,Dumbare,bdumbare7y@seesaa.net,Genderqueer,Product Engineer
288,Hiram,Pluthero,hpluthero7z@ted.com,Male,Teacher
289,Bernardina,Sackler,bsackler80@forbes.com,Female,Senior Editor
290,Hailee,Mackney,hmackney81@xrea.com,Female,Database Administrator IV
291,Sunny,Dopson,sdopson82@squidoo.com,Female,Budget/Accounting Analyst I
292,Cordy,Cuttler,ccuttler83@hostgator.com,Female,Statistician II
293,Marjory,Floris,mfloris84@economist.com,Female,Junior Executive
294,Rourke,Carman,rcarman85@epa.gov,Male,Speech Pathologist
295,Mersey,Danilenko,mdanilenko86@rediff.com,Female,Environmental Tech
296,Wayland,Tripcony,wtripcony87@reverbnation.com,Male,Budget/Accounting Analyst I
297,Edita,Ludvigsen,eludvigsen88@ca.gov,Female,Quality Control Specialist
298,Dianna,Lande,dlande89@gravatar.com,Female,Structural Engineer
299,Gennie,Micka,gmicka8a@nasa.gov,Female,Junior Executive
300,Mickie,Kiddie,mkiddie8b@vistaprint.com,Male,Occupational Therapist
301,Aaren,Rosengart,arosengart8c@twitter.com,Female,Account Coordinator
302,Marcella,Bratty,mbratty8d@webmd.com,Female,Director of Sales
303,Tybie,Tolliday,ttolliday8e@ovh.net,Female,Director of Sales
304,Natalya,Capell,ncapell8f@harvard.edu,Genderqueer,Nurse Practicioner
305,Daune,Walworth,dwalworth8g@jalbum.net,Female,Environmental Tech
306,Josee,Bukowski,jbukowski8h@networksolutions.com,Female,Geological Engineer
307,Silas,Pelosi,spelosi8i@cafepress.com,Male,Nuclear Power Engineer
308,Arleyne,Lafont,alafont8j@bloglines.com,Female,Tax Accountant
309,Nicolle,Juleff,njuleff8k@webs.com,Female,Chemical Engineer
310,Rodney,Carmont,rcarmont8l@unblog.fr,Male,Physical Therapy Assistant
311,Hyman,Annakin,hannakin8m@ft.com,Male,Nurse
312,Roberta,Sich,rsich8n@cisco.com,Female,Physical Therapy Assistant
313,Shirlene,Nicolls,snicolls8o@accuweather.com,Female,Sales Representative
314,Angel,Shayler,ashayler8p@weebly.com,Male,Structural Analysis Engineer
315,Tobiah,Bartczak,tbartczak8q@naver.com,Male,Editor
316,Doroteya,De la Yglesias,ddelayglesias8r@theglobeandmail.com,Female,Chief Design Engineer
317,Josh,Herculeson,jherculeson8s@oakley.com,Male,Junior Executive
318,Gallard,Greneham,ggreneham8t@pbs.org,Male,Operator
319,Amby,Mannooch,amannooch8u@odnoklassniki.ru,Male,Chief Design Engineer
320,Michaela,Caherny,mcaherny8v@google.cn,Female,Assistant Professor
321,Wynn,Hinkes,whinkes8w@adobe.com,Male,Account Representative III
322,Delmer,Cancott,dcancott8x@instagram.com,Male,Assistant Manager
323,Reube,Denington,rdenington8y@redcross.org,Male,Software Consultant
324,Concettina,Kitchener,ckitchener8z@prlog.org,Female,Desktop Support Technician
325,Lizzie,Danson,ldanson90@ox.ac.uk,Female,Human Resources Manager
326,Una,Castellet,ucastellet91@csmonitor.com,Female,Director of Sales
327,Dorthea,Savary,dsavary92@gnu.org,Female,Project Manager
328,Christel,Skally,cskally93@who.int,Female,Help Desk Technician
329,Yovonnda,Catlin,ycatlin94@prweb.com,Female,Geologist III
330,Aharon,Kaesmans,akaesmans95@arstechnica.com,Male,Structural Engineer
331,Micheil,Longford,mlongford96@networksolutions.com,Male,Assistant Professor
332,Tadd,Lazer,tlazer97@csmonitor.com,Male,Teacher
333,Alta,Williamson,awilliamson98@scribd.com,Female,Account Representative III
334,Hynda,Coiley,hcoiley99@cbslocal.com,Female,Paralegal
335,Brewer,Oldfield-Cherry,boldfieldcherry9a@google.de,Male,Chief Design Engineer
336,Marlow,MacEnelly,mmacenelly9b@globo.com,Male,Senior Quality Engineer
337,Olympia,De Biasio,odebiasio9c@moonfruit.com,Female,Health Coach II
338,Christyna,Vitall,cvitall9d@mit.edu,Female,Nurse Practicioner
339,Ailsun,Baise,abaise9e@ibm.com,Female,Librarian
340,Roseanna,Van der Brug,rvanderbrug9f@tumblr.com,Female,Account Representative III
341,Christiana,Trenfield,ctrenfield9g@wiley.com,Female,Junior Executive
342,Elga,Ruhben,eruhben9h@phpbb.com,Female,Tax Accountant
343,Vivianna,Cammidge,vcammidge9i@bluehost.com,Female,Marketing Assistant
344,Alleyn,Storkes,astorkes9j@newsvine.com,Male,Desktop Support Technician
345,Koenraad,Spring,kspring9k@webeden.co.uk,Male,Account Representative II
346,Kelli,Philipp,kphilipp9l@ft.com,Female,Cost Accountant
347,Johannes,Nare,jnare9m@w3.org,Male,Speech Pathologist
348,Delphinia,Cormode,dcormode9n@jugem.jp,Female,Environmental Specialist
349,Byrle,Haire,bhaire9o@netscape.com,Male,VP Sales
350,Astra,Rapps,arapps9p@biglobe.ne.jp,Female,Director of Sales
351,Adelind,Mosdall,amosdall9q@msu.edu,Genderqueer,Professor
352,Michel,Bultitude,mbultitude9r@amazon.de,Male,VP Accounting
353,Vince,Janson,vjanson9s@squarespace.com,Bigender,Nuclear Power Engineer
354,Sinclare,Livezey,slivezey9t@facebook.com,Male,Help Desk Operator
355,Thea,Monro,tmonro9u@ezinearticles.com,Bigender,Dental Hygienist
356,Garek,Junkin,gjunkin9v@shinystat.com,Agender,Professor
357,Vidovic,Grigolli,vgrigolli9w@people.com.cn,Male,Speech Pathologist
358,Tarrah,Mecco,tmecco9x@skyrock.com,Female,Sales Associate
359,Heinrik,Duckerin,hduckerin9y@miibeian.gov.cn,Male,Social Worker
360,Lonee,Pettis,lpettis9z@ycombinator.com,Female,Accountant IV
361,Lucais,Sclanders,lsclandersa0@sphinn.com,Male,Financial Advisor
362,Lebbie,Plett,lpletta1@bravesites.com,Female,Accounting Assistant II
363,Sim,Vasyaev,svasyaeva2@usnews.com,Male,Sales Representative
364,Katine,Launchbury,klaunchburya3@instagram.com,Female,Product Engineer
365,Kingsley,Faichney,kfaichneya4@go.com,Male,Product Engineer
366,Diego,Rippingall,drippingalla5@microsoft.com,Polygender,Help Desk Operator
367,Adelice,Youngs,ayoungsa6@opera.com,Female,Senior Financial Analyst
368,Winslow,Gibbens,wgibbensa7@mapquest.com,Male,Physical Therapy Assistant
369,Cass,Cansfield,ccansfielda8@nature.com,Male,Community Outreach Specialist
370,Randy,Land,rlanda9@yellowbook.com,Male,Health Coach IV
371,Tanney,Romagosa,tromagosaaa@goo.gl,Male,Environmental Tech
372,Gifford,Anfossi,ganfossiab@eepurl.com,Male,Engineer III
373,Adelind,Noakes,anoakesac@amazon.co.jp,Genderqueer,Office Assistant II
374,Belicia,Grishunin,bgrishuninad@cafepress.com,Female,Internal Auditor
375,Kenn,Leyban,kleybanae@bloglovin.com,Male,Junior Executive
376,Constantin,Damrell,cdamrellaf@cloudflare.com,Male,Dental Hygienist
377,Keane,Daal,kdaalag@salon.com,Male,Senior Quality Engineer
378,Pate,Tisor,ptisorah@amazon.co.jp,Male,Junior Executive
379,Kenton,Longbone,klongboneai@godaddy.com,Male,Marketing Assistant
380,Karyl,Sears,ksearsaj@noaa.gov,Female,Statistician II
381,Thaddeus,Tinklin,ttinklinak@cafepress.com,Male,Marketing Assistant
382,Packston,Dodworth,pdodworthal@w3.org,Male,Accounting Assistant III
383,Elwira,McCorkindale,emccorkindaleam@reddit.com,Female,Community Outreach Specialist
384,Gerard,Chapellow,gchapellowan@huffingtonpost.com,Male,Environmental Tech
385,Aubrey,Wellesley,awellesleyao@weather.com,Male,Nuclear Power Engineer
386,Lowell,Itzkovwich,litzkovwichap@miitbeian.gov.cn,Male,Community Outreach Specialist
387,Evaleen,Blower,ebloweraq@cloudflare.com,Female,Engineer II
388,Kelby,Shapter,kshapterar@ftc.gov,Male,Research Assistant IV
389,Rouvin,Korfmann,rkorfmannas@noaa.gov,Male,Internal Auditor
390,Virgie,Valler,vvallerat@bloomberg.com,Female,Web Developer I
391,Tamra,Arnaud,tarnaudau@hud.gov,Non-binary,Clinical Specialist
392,Fanya,Loudyan,floudyanav@drupal.org,Female,Teacher
393,Yelena,Bubeer,ybubeeraw@odnoklassniki.ru,Female,Actuary
394,Vina,Genicke,vgenickeax@1688.com,Female,Automation Specialist I
395,Peterus,Pietsma,ppietsmaay@booking.com,Male,Systems Administrator III
396,Aleksandr,Kolak,akolakaz@biglobe.ne.jp,Male,Safety Technician IV
397,Hanan,Usborn,husbornb0@hugedomains.com,Male,Sales Representative
398,Symon,Wrathall,swrathallb1@dell.com,Male,Sales Associate
399,Terrence,Murfett,tmurfettb2@addthis.com,Male,Mechanical Systems Engineer
400,Ax,Harrild,aharrildb3@oaic.gov.au,Male,Mechanical Systems Engineer
401,Eimile,Bullcock,ebullcockb4@addthis.com,Female,Director of Sales
402,Bancroft,Gallacher,bgallacherb5@cyberchimps.com,Male,VP Marketing
403,May,Leadstone,mleadstoneb6@google.com.br,Female,GIS Technical Architect
404,Aeriell,Gregh,agreghb7@guardian.co.uk,Female,Physical Therapy Assistant
405,Baryram,Gainsford,bgainsfordb8@so-net.ne.jp,Agender,Civil Engineer
406,Man,Mayall,mmayallb9@meetup.com,Male,Editor
407,Darcee,Stawell,dstawellba@deviantart.com,Female,VP Quality Control
408,Carr,Cannings,ccanningsbb@sciencedaily.com,Male,VP Accounting
409,Lowell,Rivelin,lrivelinbc@printfriendly.com,Male,Cost Accountant
410,Griffie,Attenbrough,gattenbroughbd@blogger.com,Male,Quality Control Specialist
411,Florrie,Heinke,fheinkebe@imdb.com,Female,Senior Developer
412,Oliver,Rowth,orowthbf@comcast.net,Male,VP Product Management
413,Field,Bothwell,fbothwellbg@fotki.com,Male,Geologist II
414,Timotheus,Liepina,tliepinabh@toplist.cz,Male,Business Systems Development Analyst
415,Aleta,Scotford,ascotfordbi@ameblo.jp,Bigender,VP Quality Control
416,Aridatha,Gladbach,agladbachbj@hatena.ne.jp,Female,VP Quality Control
417,Katharyn,Gartenfeld,kgartenfeldbk@networksolutions.com,Female,Quality Engineer
418,Gerrie,Skokoe,gskokoebl@homestead.com,Male,Web Developer IV
419,Trista,Dand,tdandbm@sogou.com,Female,Registered Nurse
420,Benedick,Olner,bolnerbn@jalbum.net,Male,Geological Engineer
421,Hy,oldey,holdeybo@php.net,Male,Junior Executive
422,Reinold,Krimmer,rkrimmerbp@prweb.com,Male,Community Outreach Specialist
423,Thorndike,Cuss,tcussbq@samsung.com,Male,Media Manager IV
424,Janifer,Szymanowicz,jszymanowiczbr@psu.edu,Female,Administrative Officer
425,Garey,Harvard,gharvardbs@microsoft.com,Male,Clinical Specialist
426,Elora,Wilgar,ewilgarbt@mapy.cz,Female,Associate Professor
427,Wynny,Cupitt,wcupittbu@earthlink.net,Genderqueer,Legal Assistant
428,Melba,Lemoir,mlemoirbv@economist.com,Female,Speech Pathologist
429,Jackie,Paireman,jpairemanbw@indiatimes.com,Male,Tax Accountant
430,Ellene,Canadine,ecanadinebx@marriott.com,Female,Programmer Analyst III
431,Aeriela,Longstreet,alongstreetby@jiathis.com,Female,Developer III
432,Shadow,Bratt,sbrattbz@joomla.org,Male,Junior Executive
433,Roseline,Drabble,rdrabblec0@craigslist.org,Female,Office Assistant II
434,Dalila,Kingswood,dkingswoodc1@goodreads.com,Female,Senior Cost Accountant
435,Jade,Habbin,jhabbinc2@intel.com,Female,Developer IV
436,Carlen,Musico,cmusicoc3@tinypic.com,Non-binary,Recruiting Manager
437,Bernete,Oran,boranc4@google.fr,Polygender,Legal Assistant
438,Zandra,Celand,zcelandc5@indiegogo.com,Female,Technical Writer
439,Cleon,Balbeck,cbalbeckc6@oaic.gov.au,Male,Software Consultant
440,Milty,Tweedy,mtweedyc7@patch.com,Male,Analog Circuit Design manager
441,Leonid,Prestwich,lprestwichc8@loc.gov,Male,Civil Engineer
442,Raye,Hacard,rhacardc9@discuz.net,Female,Food Chemist
443,Xenia,Zavattari,xzavattarica@addthis.com,Genderqueer,Senior Financial Analyst
444,Martino,Heminsley,mheminsleycb@etsy.com,Male,Nurse
445,Westleigh,Musla,wmuslacc@usda.gov,Male,Civil Engineer
446,Riva,Pyburn,rpyburncd@businesswire.com,Female,Electrical Engineer
447,Saraann,Stiegers,sstiegersce@last.fm,Female,Recruiting Manager
448,Jacqui,Houlston,jhoulstoncf@studiopress.com,Female,Help Desk Operator
449,Giraud,Hayto,ghaytocg@tiny.cc,Male,Community Outreach Specialist
450,Boigie,Ambrogioni,bambrogionich@prnewswire.com,Bigender,Geologist IV
451,Katee,Saur,ksaurci@qq.com,Female,Administrative Assistant IV
452,Malorie,Huygens,mhuygenscj@state.gov,Female,Help Desk Technician
453,Keith,Lawtie,klawtieck@time.com,Genderqueer,Internal Auditor
454,Nial,Dand,ndandcl@tiny.cc,Male,Structural Analysis Engineer
455,Marylin,Ruste,mrustecm@unc.edu,Female,Data Coordinator
456,Beulah,Whiteson,bwhitesoncn@pen.io,Female,Human Resources Assistant II
457,Lucinda,Peyes,lpeyesco@nymag.com,Female,Health Coach II
458,Nikkie,Blanchard,nblanchardcp@apache.org,Female,Cost Accountant
459,Daphne,Spurritt,dspurrittcq@mit.edu,Female,Computer Systems Analyst I
460,Georgia,Gayle,ggaylecr@china.com.cn,Female,Assistant Media Planner
461,Sinclair,Ugolotti,sugolottics@1und1.de,Male,Office Assistant IV
462,Johnath,Boyles,jboylesct@moonfruit.com,Female,Occupational Therapist
463,Salvidor,O'Nion,sonioncu@fema.gov,Male,Environmental Specialist
464,Marne,Pocklington,mpocklingtoncv@google.co.uk,Female,Environmental Specialist
465,Margarette,Isenor,misenorcw@ning.com,Female,Community Outreach Specialist
466,Mirabella,Retter,mrettercx@mediafire.com,Female,Occupational Therapist
467,Phyllida,Vasyatkin,pvasyatkincy@hud.gov,Female,Senior Quality Engineer
468,Wilbur,Tattershaw,wtattershawcz@amazon.co.jp,Male,Sales Representative
469,Marie-jeanne,Hollier,mhollierd0@trellian.com,Female,Automation Specialist I
470,Mariya,Cicconetti,mcicconettid1@sfgate.com,Non-binary,Dental Hygienist
471,Phip,Vaughn,pvaughnd2@geocities.jp,Male,Environmental Specialist
472,Raimund,Glencorse,rglencorsed3@usda.gov,Male,Research Associate
473,Lizzy,Rivel,lriveld4@scientificamerican.com,Female,Legal Assistant
474,Trenna,de Clercq,tdeclercqd5@biglobe.ne.jp,Female,Software Engineer III
475,Perice,Douglass,pdouglassd6@hexun.com,Male,Internal Auditor
476,Pren,Snawdon,psnawdond7@dmoz.org,Male,Software Consultant
477,Drucie,Worling,dworlingd8@ca.gov,Female,Statistician IV
478,Mandel,Cholomin,mcholomind9@stanford.edu,Male,Operator
479,Robers,Vallerine,rvallerineda@stanford.edu,Male,Structural Analysis Engineer
480,Rochell,Oag,roagdb@quantcast.com,Polygender,Staff Accountant II
481,Antonia,Dwane,adwanedc@trellian.com,Non-binary,Office Assistant I
482,Prisca,De Avenell,pdeavenelldd@wix.com,Female,Paralegal
483,Jodi,Le Sieur,jlesieurde@posterous.com,Male,Research Assistant IV
484,Cindie,Crighten,ccrightendf@acquirethisname.com,Female,Desktop Support Technician
485,Alfy,Geffcock,ageffcockdg@zdnet.com,Male,Chief Design Engineer
486,Adeline,Carlsen,acarlsendh@moonfruit.com,Female,Assistant Media Planner
487,Farlay,Wardel,fwardeldi@yelp.com,Male,Operator
488,Marna,Fairfoul,mfairfouldj@free.fr,Female,VP Quality Control
489,Blondelle,Rosenboim,brosenboimdk@t.co,Female,Account Executive
490,Shelby,Peniello,speniellodl@newsvine.com,Male,VP Sales
491,Johnny,Shilling,jshillingdm@eepurl.com,Male,Payment Adjustment Coordinator
492,Hermann,Vautier,hvautierdn@t-online.de,Male,Desktop Support Technician
493,Leroi,Logie,llogiedo@biblegateway.com,Male,Software Engineer I
494,Gavrielle,Lorincz,glorinczdp@phpbb.com,Female,Environmental Tech
495,Rory,Nairns,rnairnsdq@intel.com,Male,Information Systems Manager
496,Lorie,Gerram,lgerramdr@admin.ch,Female,Help Desk Operator
497,Marshal,Harg,mhargds@hc360.com,Male,Media Manager III
498,Jessika,Waterhous,jwaterhousdt@technorati.com,Female,Analyst Programmer
499,Hatty,Puig,hpuigdu@msu.edu,Female,Speech Pathologist
500,Rockwell,Golledge,rgolledgedv@dailymail.co.uk,Male,General Manager
501,Vinson,Craze,vcrazedw@shutterfly.com,Male,Junior Executive
502,Inez,Klaessen,iklaessendx@census.gov,Female,Research Associate
503,Teddie,Purcell,tpurcelldy@feedburner.com,Female,Operator
504,Normand,Doohan,ndoohandz@dion.ne.jp,Male,Cost Accountant
505,Stuart,Broxholme,sbroxholmee0@ning.com,Male,Internal Auditor
506,Barnabe,Annable,bannablee1@surveymonkey.com,Male,Financial Advisor
507,Karil,Domonkos,kdomonkose2@reuters.com,Female,Pharmacist
508,Royal,Binder,rbindere3@deliciousdays.com,Male,Budget/Accounting Analyst IV
509,Mimi,Thal,mthale4@bloglovin.com,Female,Help Desk Operator
510,Ker,Buxcy,kbuxcye5@ftc.gov,Male,Automation Specialist III
511,Ilene,Pringuer,ipringuere6@loc.gov,Female,Mechanical Systems Engineer
512,Benetta,Ceschi,bceschie7@blogger.com,Female,Analyst Programmer
513,Eldon,Mushet,emushete8@cmu.edu,Agender,Account Coordinator
514,Binny,Le Teve,bletevee9@nature.com,Female,Desktop Support Technician
515,Rice,Aird,rairdea@purevolume.com,Male,Systems Administrator I
516,Germain,Knok,gknokeb@booking.com,Male,Business Systems Development Analyst
517,Sigfrid,Grummitt,sgrummittec@storify.com,Male,Editor
518,Tootsie,Littledyke,tlittledykeed@pagesperso-orange.fr,Genderqueer,Clinical Specialist
519,Berti,Jeal,bjealee@alexa.com,Genderfluid,Accounting Assistant III
520,Cullie,Doswell,cdoswellef@usgs.gov,Male,Staff Scientist
521,Nelly,Petticrow,npetticroweg@telegraph.co.uk,Female,General Manager
522,Aloin,Hessle,ahessleeh@about.me,Male,Dental Hygienist
523,Jillana,Baptiste,jbaptisteei@time.com,Female,Community Outreach Specialist
524,Beatrisa,Wharrier,bwharrierej@canalblog.com,Female,Automation Specialist III
525,Lorianna,Coysh,lcoyshek@marriott.com,Female,Civil Engineer
526,Tomasine,Straniero,tstranieroel@independent.co.uk,Female,Research Associate
527,Lazarus,Wyldes,lwyldesem@psu.edu,Male,Desktop Support Technician
528,Benson,Feehery,bfeeheryen@stumbleupon.com,Male,Business Systems Development Analyst
529,Garth,Rotte,grotteeo@wiley.com,Male,Tax Accountant
530,Cyndy,McEachern,cmceachernep@google.com.au,Female,Human Resources Assistant IV
531,Dreddy,Ox,doxeq@nationalgeographic.com,Female,Internal Auditor
532,Arny,Breedy,abreedyer@mtv.com,Male,Automation Specialist I
533,Francois,Abbay,fabbayes@prweb.com,Male,Payment Adjustment Coordinator
534,Kelsi,Trustram,ktrustramet@angelfire.com,Female,Safety Technician II
535,Rosita,Atterley,ratterleyeu@symantec.com,Female,Senior Quality Engineer
536,Iago,Bettinson,ibettinsonev@ox.ac.uk,Agender,Structural Analysis Engineer
537,Prent,Polon,ppolonew@tumblr.com,Polygender,Administrative Officer
538,Mack,Habbershon,mhabbershonex@bbb.org,Male,Help Desk Technician
539,Eleanora,O' Dooley,eodooleyey@hubpages.com,Female,GIS Technical Architect
540,Constantino,Stodd,cstoddez@bing.com,Male,Teacher
541,Jaimie,Verni,jvernif0@taobao.com,Male,Office Assistant IV
542,Culley,Gatiss,cgatissf1@friendfeed.com,Male,Web Developer IV
543,Ellette,Swatman,eswatmanf2@ehow.com,Agender,Software Engineer III
544,Sherilyn,Colston,scolstonf3@simplemachines.org,Female,Nuclear Power Engineer
545,Arvie,Krzysztofiak,akrzysztofiakf4@webeden.co.uk,Male,Information Systems Manager
546,Gallagher,Lowdeane,glowdeanef5@baidu.com,Male,Cost Accountant
547,Lincoln,Boarder,lboarderf6@businessinsider.com,Male,Recruiter
548,Augustine,Camps,acampsf7@uol.com.br,Female,Executive Secretary
549,Ted,Ewence,tewencef8@yale.edu,Male,Marketing Assistant
550,Robena,Trustram,rtrustramf9@nhs.uk,Female,Human Resources Manager
551,Cordie,O'Conor,coconorfa@bizjournals.com,Female,Social Worker
552,Liv,Emney,lemneyfb@census.gov,Female,Staff Accountant I
553,Jobina,Sisnett,jsisnettfc@behance.net,Female,Engineer III
554,Hilly,Kelleher,hkelleherfd@ucsd.edu,Male,Human Resources Assistant IV
555,Jody,MacNeill,jmacneillfe@google.com,Male,Database Administrator II
556,Eal,Huggons,ehuggonsff@samsung.com,Male,Recruiting Manager
557,Charlotte,Yakov,cyakovfg@microsoft.com,Female,Research Nurse
558,Shaylynn,Gresham,sgreshamfh@forbes.com,Female,Occupational Therapist
559,Edwin,Hughson,ehughsonfi@adobe.com,Genderqueer,Media Manager II
560,Clarissa,Erley,cerleyfj@aol.com,Female,Quality Engineer
561,Cissy,Lukes,clukesfk@msn.com,Female,Sales Representative
562,Nappy,Waterdrinker,nwaterdrinkerfl@engadget.com,Male,Graphic Designer
563,Nikolaos,Congreave,ncongreavefm@canalblog.com,Polygender,Database Administrator I
564,Franchot,Bownd,fbowndfn@free.fr,Male,Desktop Support Technician
565,Gerrie,Stones,gstonesfo@usda.gov,Male,Human Resources Manager
566,Nelly,Plaschke,nplaschkefp@sogou.com,Female,Nurse Practicioner
567,Arnie,Folkes,afolkesfq@blogtalkradio.com,Male,Chemical Engineer
568,Sargent,Norcop,snorcopfr@vimeo.com,Male,Media Manager II
569,Rena,Shipp,rshippfs@dell.com,Female,Sales Representative
570,Richie,Le Monnier,rlemonnierft@ibm.com,Male,Dental Hygienist
571,Danya,Melhuish,dmelhuishfu@xinhuanet.com,Female,Sales Representative
572,Inesita,Nibley,inibleyfv@washington.edu,Female,Budget/Accounting Analyst IV
573,Roddy,Chamberlain,rchamberlainfw@fastcompany.com,Genderqueer,Electrical Engineer
574,Vick,Leethem,vleethemfx@deviantart.com,Male,Developer IV
575,Tiffany,Gridon,tgridonfy@delicious.com,Non-binary,Nuclear Power Engineer
576,Lory,Goldsworthy,lgoldsworthyfz@google.co.jp,Female,Chemical Engineer
577,Zachary,Lilleman,zlillemang0@chicagotribune.com,Male,Senior Developer
578,Lyn,Fairbrass,lfairbrassg1@ezinearticles.com,Female,Quality Engineer
579,Silvester,Altamirano,saltamiranog2@shutterfly.com,Male,Data Coordinator
580,Nicolais,Sheal,nshealg3@paypal.com,Male,Safety Technician I
581,Griff,Tregiddo,gtregiddog4@istockphoto.com,Male,Financial Advisor
582,Wanids,Bountiff,wbountiffg5@tamu.edu,Female,Analog Circuit Design manager
583,Hewe,Vida,hvidag6@networksolutions.com,Male,Quality Control Specialist
584,Vinny,Abdie,vabdieg7@narod.ru,Male,Budget/Accounting Analyst IV
585,Briano,Greenough,bgreenoughg8@hp.com,Male,Quality Control Specialist
586,Nancee,Richens,nrichensg9@soup.io,Female,Office Assistant II
587,Zed,Spadoni,zspadoniga@networkadvertising.org,Male,Editor
588,Gerrie,Castles,gcastlesgb@tiny.cc,Bigender,Speech Pathologist
589,Milicent,Hainning,mhainninggc@xrea.com,Female,VP Marketing
590,Johannah,Jozsika,jjozsikagd@constantcontact.com,Female,Financial Analyst
591,Ferdie,Kiossel,fkiosselge@google.nl,Male,Recruiter
592,Cora,Girvin,cgirvingf@unblog.fr,Female,Engineer III
593,Franny,Scollan,fscollangg@washingtonpost.com,Male,Research Associate
594,Minnnie,Anand,manandgh@squidoo.com,Female,Budget/Accounting Analyst IV
595,Rich,Garrique,rgarriquegi@clickbank.net,Male,VP Product Management
596,Ray,Ballay,rballaygj@hp.com,Female,Human Resources Assistant IV
597,Filip,Di Ruggiero,fdiruggierogk@amazon.co.jp,Bigender,Sales Associate
598,Wolfgang,Rape,wrapegl@desdev.cn,Male,Senior Cost Accountant
599,Lynsey,O'Sullivan,losullivangm@ucla.edu,Female,Editor
600,Lucine,Swiers,lswiersgn@ox.ac.uk,Female,Staff Scientist
601,Tildi,Iorizzo,tiorizzogo@cbslocal.com,Female,Associate Professor
602,Hakim,Copestake,hcopestakegp@webmd.com,Male,Computer Systems Analyst IV
603,Adriana,Aucott,aaucottgq@over-blog.com,Bigender,Senior Editor
604,Hetti,Barnsdall,hbarnsdallgr@foxnews.com,Female,Dental Hygienist
605,Ilka,Oag,ioaggs@noaa.gov,Female,Paralegal
606,Alfred,Randal,arandalgt@purevolume.com,Male,Account Coordinator
607,Kassie,Kulver,kkulvergu@canalblog.com,Female,Analog Circuit Design manager
608,Gaston,Ryman,grymangv@squidoo.com,Genderqueer,Software Consultant
609,Dawn,Basey,dbaseygw@reverbnation.com,Genderfluid,Biostatistician II
610,Lela,Megahey,lmegaheygx@prweb.com,Female,Project Manager
611,Fionna,Eaglen,feaglengy@netscape.com,Female,Legal Assistant
612,Adan,Parkman,aparkmangz@opera.com,Male,Payment Adjustment Coordinator
613,Mark,Rousell,mrousellh0@disqus.com,Male,Recruiting Manager
614,My,Bech,mbechh1@lulu.com,Male,Legal Assistant
615,Michel,Wardrop,mwardroph2@apache.org,Male,Actuary
616,Davis,Gooley,dgooleyh3@barnesandnoble.com,Bigender,Social Worker
617,Willamina,Blouet,wbloueth4@state.tx.us,Female,Professor
618,Kyle,Magowan,kmagowanh5@jalbum.net,Female,Research Nurse
619,Ike,Warhurst,iwarhursth6@phoca.cz,Male,Paralegal
620,Lori,Sagerson,lsagersonh7@cargocollective.com,Female,Programmer Analyst I
621,Abagael,Camplen,acamplenh8@dot.gov,Female,Human Resources Manager
622,Crichton,Lukacs,clukacsh9@spotify.com,Male,Associate Professor
623,Mervin,Orris,morrisha@columbia.edu,Male,General Manager
624,Daniel,Gloucester,dgloucesterhb@gizmodo.com,Male,Administrative Assistant III
625,Rita,Everleigh,reverleighhc@ibm.com,Female,Quality Control Specialist
626,Corabella,Gerault,cgeraulthd@springer.com,Female,Assistant Professor
627,Kippar,Brandle,kbrandlehe@wordpress.com,Male,VP Product Management
628,Nananne,Randell,nrandellhf@surveymonkey.com,Female,Internal Auditor
629,Dru,Balden,dbaldenhg@microsoft.com,Female,Systems Administrator III
630,Georgie,Burnup,gburnuphh@rediff.com,Male,Human Resources Assistant I
631,Fabian,Pikesley,fpikesleyhi@cpanel.net,Male,Environmental Specialist
632,Shelley,Beddon,sbeddonhj@ebay.com,Agender,Senior Editor
633,Sigismund,Butters,sbuttershk@weibo.com,Male,Account Representative II
634,Martynne,Niland,mnilandhl@people.com.cn,Non-binary,Accountant II
635,Durward,Bourke,dbourkehm@msu.edu,Male,Physical Therapy Assistant
636,Revkah,Labbati,rlabbatihn@nasa.gov,Female,Cost Accountant
637,Lulu,Donnan,ldonnanho@tuttocitta.it,Female,Assistant Media Planner
638,Dalt,Honisch,dhonischhp@irs.gov,Male,Speech Pathologist
639,Sissy,Kuban,skubanhq@jugem.jp,Female,Registered Nurse
640,Jeramey,Werrilow,jwerrilowhr@last.fm,Male,Senior Financial Analyst
641,Rasia,Eldrett,reldretths@ucoz.ru,Female,Environmental Specialist
642,Delcina,Wiskar,dwiskarht@webeden.co.uk,Female,Desktop Support Technician
643,Aubrey,Gilli,agillihu@tripadvisor.com,Male,Research Assistant IV
644,Zahara,Olivas,zolivashv@bravesites.com,Female,Automation Specialist IV
645,Tierney,Hallick,thallickhw@bravesites.com,Non-binary,Research Associate
646,Hebert,Gobeau,hgobeauhx@sitemeter.com,Male,Administrative Officer
647,Hogan,Campagne,hcampagnehy@taobao.com,Male,Community Outreach Specialist
648,Elena,Golightly,egolightlyhz@squidoo.com,Female,Librarian
649,Dulcie,Kassman,dkassmani0@livejournal.com,Female,Mechanical Systems Engineer
650,Jerry,Pumphrey,jpumphreyi1@howstuffworks.com,Male,Quality Engineer
651,Florina,Barnsdale,fbarnsdalei2@weebly.com,Female,Occupational Therapist
652,Jake,Bettaney,jbettaneyi3@clickbank.net,Male,Assistant Manager
653,Avie,Flanders,aflandersi4@ox.ac.uk,Non-binary,Assistant Media Planner
654,Gerrilee,Gallihaulk,ggallihaulki5@eventbrite.com,Female,Nuclear Power Engineer
655,Albie,Elliott,aelliotti6@last.fm,Male,Help Desk Operator
656,Yvon,Nanelli,ynanellii7@vinaora.com,Male,VP Sales
657,Andris,Larrie,alarriei8@businesswire.com,Male,Structural Engineer
658,Burt,Kobu,bkobui9@huffingtonpost.com,Male,Engineer IV
659,Kate,Darrington,kdarringtonia@jiathis.com,Genderfluid,Web Designer III
660,Angelita,Scowen,ascowenib@opera.com,Bigender,Human Resources Manager
661,Pincas,Shoveller,pshovelleric@wired.com,Genderfluid,Help Desk Operator
662,Abbott,Eefting,aeeftingid@gov.uk,Genderfluid,Web Developer IV
663,Jocelin,Course,jcourseie@prlog.org,Female,Electrical Engineer
664,Sky,Orpen,sorpenif@facebook.com,Male,Account Coordinator
665,Hyacinthe,Gillard,hgillardig@eventbrite.com,Genderfluid,Structural Engineer
666,Sauveur,Tattersill,stattersillih@bbc.co.uk,Male,Professor
667,Carissa,Alenikov,calenikovii@domainmarket.com,Female,Environmental Specialist
668,Ryun,Heber,rheberij@seattletimes.com,Male,Project Manager
669,Linea,Roback,lrobackik@yahoo.co.jp,Female,Senior Developer
670,Martin,Waghorn,mwaghornil@sakura.ne.jp,Male,Chief Design Engineer
671,Audrie,Brannan,abrannanim@usnews.com,Female,Electrical Engineer
672,Timothea,Arnauduc,tarnauducin@patch.com,Female,Senior Developer
673,Noak,Groocock,ngroocockio@exblog.jp,Male,Senior Developer
674,Aldo,Leveret,aleveretip@yandex.ru,Male,Web Designer II
675,Valaree,Fairholme,vfairholmeiq@google.es,Female,Graphic Designer
676,Letisha,Elkin,lelkinir@fastcompany.com,Female,VP Accounting
677,Renato,Pyzer,rpyzeris@nhs.uk,Male,Information Systems Manager
678,Nina,Cheak,ncheakit@thetimes.co.uk,Female,Speech Pathologist
679,Norry,Yarranton,nyarrantoniu@time.com,Male,Administrative Assistant III
680,Anthe,Regus,aregusiv@nyu.edu,Female,Media Manager II
681,Alexandra,Hardacre,ahardacreiw@live.com,Female,Occupational Therapist
682,Cherilynn,Esposito,cespositoix@usatoday.com,Female,Software Engineer I
683,Terry,Salamon,tsalamoniy@arizona.edu,Female,Environmental Tech
684,Bambie,Sherlaw,bsherlawiz@last.fm,Female,Health Coach IV
685,Ardisj,Keefe,akeefej0@timesonline.co.uk,Female,Software Test Engineer III
686,Jessie,Cleft,jcleftj1@acquirethisname.com,Male,Biostatistician III
687,Goraud,Hasty,ghastyj2@earthlink.net,Male,Senior Financial Analyst
688,Spenser,Martini,smartinij3@google.de,Male,Account Coordinator
689,Fred,Job,fjobj4@sogou.com,Male,VP Quality Control
690,Rees,Brindley,rbrindleyj5@ning.com,Male,Computer Systems Analyst III
691,Forrest,Kubek,fkubekj6@rediff.com,Male,Statistician II
692,Cody,Row,crowj7@phoca.cz,Male,Account Coordinator
693,Becca,Boys,bboysj8@bandcamp.com,Female,Senior Quality Engineer
694,Gerti,Pawlicki,gpawlickij9@flavors.me,Female,Developer III
695,Selena,Waby,swabyja@ebay.co.uk,Female,Actuary
696,Lotty,Densie,ldensiejb@unblog.fr,Polygender,Occupational Therapist
697,Terrell,Petrus,tpetrusjc@seattletimes.com,Male,Food Chemist
698,Phylis,Whatson,pwhatsonjd@topsy.com,Female,Database Administrator I
699,Renelle,Trump,rtrumpje@usgs.gov,Female,Internal Auditor
700,Kynthia,Di Bartolomeo,kdibartolomeojf@cargocollective.com,Female,Information Systems Manager
701,Annmaria,Muff,amuffjg@nbcnews.com,Female,Database Administrator III
702,Sorcha,Carpe,scarpejh@businessinsider.com,Female,GIS Technical Architect
703,Babita,Bartoszewicz,bbartoszewiczji@phpbb.com,Female,Research Associate
704,Alberto,Keddy,akeddyjj@discovery.com,Male,Business Systems Development Analyst
705,Romain,Tossell,rtosselljk@ebay.co.uk,Male,Administrative Assistant I
706,Cathi,Landrean,clandreanjl@stanford.edu,Female,Engineer I
707,Dela,Dowglass,ddowglassjm@nifty.com,Female,VP Product Management
708,Dunn,Hackinge,dhackingejn@naver.com,Male,Programmer Analyst III
709,Myca,Lorrain,mlorrainjo@sakura.ne.jp,Male,Staff Scientist
710,Corri,Cosgry,ccosgryjp@pbs.org,Female,Occupational Therapist
711,Arabel,Southcott,asouthcottjq@mac.com,Female,VP Marketing
712,Emory,Whittleton,ewhittletonjr@nhs.uk,Male,Accounting Assistant II
713,Gloriane,Wyrall,gwyralljs@cornell.edu,Female,Staff Accountant II
714,Melania,Middlewick,mmiddlewickjt@cafepress.com,Female,Teacher
715,Othella,Brittoner,obrittonerju@bravesites.com,Female,VP Quality Control
716,Jamison,Alabastar,jalabastarjv@technorati.com,Male,Junior Executive
717,Dore,Richold,dricholdjw@nbcnews.com,Female,Director of Sales
718,Nani,Shercliff,nshercliffjx@clickbank.net,Female,Electrical Engineer
719,Atlante,Crassweller,acrasswellerjy@columbia.edu,Female,Geologist II
720,Garrard,Joice,gjoicejz@ovh.net,Male,Graphic Designer
721,Kaiser,Snugg,ksnuggk0@washingtonpost.com,Male,GIS Technical Architect
722,Taber,Moine,tmoinek1@nsw.gov.au,Male,Senior Quality Engineer
723,Marni,Driussi,mdriussik2@loc.gov,Female,Staff Scientist
724,Shep,Tellenbrok,stellenbrokk3@cnet.com,Male,Sales Representative
725,Davey,Dragge,ddraggek4@cloudflare.com,Male,Business Systems Development Analyst
726,Gianna,Beeden,gbeedenk5@theguardian.com,Female,Budget/Accounting Analyst II
727,Denyse,Dufer,dduferk6@msn.com,Female,Software Engineer III
728,Nada,McGavigan,nmcgavigank7@phoca.cz,Polygender,Chief Design Engineer
729,Opalina,Weyland,oweylandk8@japanpost.jp,Female,Associate Professor
730,Sallyanne,Caunt,scauntk9@google.pl,Non-binary,Research Nurse
731,Suki,Winchcombe,swinchcombeka@nih.gov,Female,Office Assistant II
732,Wilma,Brackstone,wbrackstonekb@t-online.de,Female,Accounting Assistant I
733,Casi,Rouzet,crouzetkc@mit.edu,Female,Programmer Analyst III
734,Carmela,Ghost,cghostkd@dell.com,Bigender,Teacher
735,Daffie,Mowsley,dmowsleyke@parallels.com,Female,Software Engineer II
736,Morry,Acome,macomekf@cocolog-nifty.com,Male,Social Worker
737,Tedie,Stammer,tstammerkg@t.co,Male,Web Developer IV
738,Annabell,Lodo,alodokh@booking.com,Female,Programmer Analyst III
739,Pacorro,Yeliashev,pyeliashevki@marriott.com,Male,Assistant Professor
740,Tam,Moroney,tmoroneykj@timesonline.co.uk,Male,Database Administrator II
741,Wilmer,O'Hallihane,wohallihanekk@themeforest.net,Male,Programmer Analyst IV
742,Orville,Cicconetti,ocicconettikl@irs.gov,Male,Clinical Specialist
743,Sheree,Marqyes,smarqyeskm@businesswire.com,Female,Junior Executive
744,Vale,Radish,vradishkn@ask.com,Female,Civil Engineer
745,Lindsay,Simondson,lsimondsonko@economist.com,Bigender,Account Executive
746,Mackenzie,Walles,mwalleskp@tinyurl.com,Male,Help Desk Technician
747,Merrill,Boyer,mboyerkq@oakley.com,Male,Legal Assistant
748,Roderic,Kas,rkaskr@miibeian.gov.cn,Male,Administrative Assistant II
749,Dougie,MacGow,dmacgowks@eventbrite.com,Male,Recruiter
750,Justen,South,jsouthkt@harvard.edu,Male,Assistant Professor
751,Sonya,Prosser,sprosserku@yelp.com,Agender,Environmental Specialist
752,Kele,Drains,kdrainskv@spiegel.de,Male,Assistant Manager
753,Ky,Featenby,kfeatenbykw@jiathis.com,Male,Media Manager IV
754,Dewitt,Cantillion,dcantillionkx@xinhuanet.com,Male,Research Assistant III
755,Curr,Posner,cposnerky@simplemachines.org,Male,Product Engineer
756,Boigie,Etheredge,betheredgekz@wufoo.com,Genderfluid,Accounting Assistant II
757,Audrie,Ferrieres,aferrieresl0@netscape.com,Female,Systems Administrator IV
758,Kaitlyn,Raikes,kraikesl1@phoca.cz,Female,Programmer Analyst III
759,Felice,Roj,frojl2@seesaa.net,Male,Statistician I
760,Moise,Gillson,mgillsonl3@amazon.de,Male,Office Assistant IV
761,Adore,Shoulders,ashouldersl4@freewebs.com,Female,Media Manager IV
762,Cornell,Revett,crevettl5@wired.com,Male,Developer IV
763,Sayre,Kernan,skernanl6@sina.com.cn,Male,Systems Administrator II
764,Eolanda,McDell,emcdelll7@desdev.cn,Female,Paralegal
765,Vick,Tendahl,vtendahll8@eepurl.com,Male,Payment Adjustment Coordinator
766,Linus,Mattingson,lmattingsonl9@woothemes.com,Bigender,Staff Accountant II
767,Griffie,Mallabone,gmallabonela@comcast.net,Male,Product Engineer
768,Guillermo,Scarre,gscarrelb@aol.com,Male,Registered Nurse
769,Melisa,Milberry,mmilberrylc@senate.gov,Female,Structural Engineer
770,Nat,Mongin,nmonginld@usda.gov,Female,Technical Writer
771,Kristen,Rowling,krowlingle@phpbb.com,Female,Clinical Specialist
772,Jedediah,Vivian,jvivianlf@reference.com,Male,Electrical Engineer
773,Nickolaus,Halton,nhaltonlg@unblog.fr,Male,Administrative Assistant IV
774,Teodoro,Edrich,tedrichlh@sfgate.com,Male,Developer II
775,Aurel,McIlwaine,amcilwaineli@chicagotribune.com,Female,Sales Representative
776,Benn,Bollis,bbollislj@ustream.tv,Male,Product Engineer
777,Fernandina,Brittoner,fbrittonerlk@com.com,Female,Structural Engineer
778,Rickert,Dun,rdunll@businessweek.com,Male,Marketing Manager
779,Abbot,Circuitt,acircuittlm@businesswire.com,Male,Safety Technician I
780,Marti,Hodges,mhodgesln@answers.com,Agender,Information Systems Manager
781,Carce,Bingall,cbingalllo@bloglines.com,Male,Actuary
782,Shadow,Newstead,snewsteadlp@eepurl.com,Male,Business Systems Development Analyst
783,Vere,Parman,vparmanlq@unblog.fr,Female,Graphic Designer
784,Linet,Knewstub,lknewstublr@pbs.org,Female,Human Resources Manager
785,Delinda,Lent,dlentls@cafepress.com,Female,Operator
786,Papageno,Fenimore,pfenimorelt@odnoklassniki.ru,Non-binary,Biostatistician IV
787,Teddy,Danilov,tdanilovlu@hostgator.com,Female,VP Product Management
788,Clarette,Mulvenna,cmulvennalv@tuttocitta.it,Female,VP Marketing
789,Zonda,Draisey,zdraiseylw@epa.gov,Female,Librarian
790,Evangelina,Tine,etinelx@dedecms.com,Female,Office Assistant II
791,Jesus,Hardiker,jhardikerly@icq.com,Male,Recruiter
792,Bondy,Shapira,bshapiralz@dell.com,Male,Media Manager I
793,Prudi,Machel,pmachelm0@tamu.edu,Female,Help Desk Operator
794,Lindy,Pucknell,lpucknellm1@google.it,Male,Teacher
795,Lexis,Wilden,lwildenm2@domainmarket.com,Female,Safety Technician I
796,Thorny,Waite,twaitem3@netlog.com,Male,Database Administrator I
797,Ignacio,Shallo,ishallom4@ca.gov,Male,VP Marketing
798,Gwenore,Booij,gbooijm5@lycos.com,Female,Business Systems Development Analyst
799,Weylin,Antoniazzi,wantoniazzim6@unblog.fr,Male,Paralegal
800,Danette,Byford,dbyfordm7@twitpic.com,Female,Pharmacist
801,Gannon,Capstick,gcapstickm8@github.com,Male,Help Desk Technician
802,Bobbette,Middlewick,bmiddlewickm9@microsoft.com,Female,Systems Administrator IV
803,Mycah,Cooksley,mcooksleyma@newsvine.com,Male,Information Systems Manager
804,Lynelle,Toth,ltothmb@cnn.com,Female,Analyst Programmer
805,Piotr,Spry,psprymc@sourceforge.net,Agender,Research Assistant I
806,Skippie,Ankers,sankersmd@google.nl,Male,Nuclear Power Engineer
807,Hyacinthe,Valentetti,hvalentettime@house.gov,Female,Web Designer I
808,Clark,Fewkes,cfewkesmf@whitehouse.gov,Male,Web Designer II
809,Betsy,Rosenblad,brosenbladmg@yellowbook.com,Female,Chief Design Engineer
810,Purcell,Mallion,pmallionmh@virginia.edu,Male,Geological Engineer
811,Claude,Reddie,creddiemi@bluehost.com,Female,Administrative Assistant I
812,Gifford,Teligin,gteliginmj@slideshare.net,Male,Director of Sales
813,Peggie,Simcox,psimcoxmk@ovh.net,Female,Civil Engineer
814,Marietta,Arden,mardenml@ebay.com,Male,Budget/Accounting Analyst III
815,Kincaid,Oxteby,koxtebymm@google.pl,Male,Pharmacist
816,Reece,Raymont,rraymontmn@yandex.ru,Male,Systems Administrator III
817,Cati,Frankes,cfrankesmo@taobao.com,Female,Assistant Manager
818,Mae,MacLaren,mmaclarenmp@360.cn,Female,VP Quality Control
819,Adria,Haet,ahaetmq@com.com,Female,Associate Professor
820,Jamesy,Wheelan,jwheelanmr@livejournal.com,Male,Help Desk Operator
821,Katheryn,Healing,khealingms@goo.gl,Female,Database Administrator III
822,Janka,Pilfold,jpilfoldmt@bbb.org,Female,Professor
823,Kathe,Cobleigh,kcobleighmu@discuz.net,Female,VP Sales
824,Hilly,Gillanders,hgillandersmv@washingtonpost.com,Male,Cost Accountant
825,Rene,Barz,rbarzmw@bbb.org,Female,Dental Hygienist
826,Rhys,Bracken,rbrackenmx@kickstarter.com,Male,Cost Accountant
827,Bendite,Cotherill,bcotherillmy@godaddy.com,Female,Community Outreach Specialist
828,Neils,Nairns,nnairnsmz@aboutads.info,Male,Media Manager II
829,Georgianne,Botten,gbottenn0@techcrunch.com,Female,Legal Assistant
830,Fancy,Whelpdale,fwhelpdalen1@nps.gov,Female,Structural Analysis Engineer
831,Heriberto,McCarlie,hmccarlien2@redcross.org,Male,Nurse
832,Kean,Caslane,kcaslanen3@geocities.com,Male,VP Sales
833,Madelle,Pietasch,mpietaschn4@china.com.cn,Female,Chemical Engineer
834,Renado,Slack,rslackn5@blogtalkradio.com,Male,Chemical Engineer
835,Trumaine,Qualtro,tqualtron6@epa.gov,Male,Assistant Professor
836,Karylin,Key,kkeyn7@odnoklassniki.ru,Female,VP Sales
837,Tades,McAmish,tmcamishn8@spotify.com,Male,Quality Control Specialist
838,Earl,Comellini,ecomellinin9@jigsy.com,Male,Account Executive
839,Maggy,Hutchins,mhutchinsna@ihg.com,Female,Automation Specialist III
840,Ollie,Wyon,owyonnb@ucoz.ru,Female,Payment Adjustment Coordinator
841,Barnard,Billam,bbillamnc@desdev.cn,Male,Analyst Programmer
842,Rickert,Standingford,rstandingfordnd@dot.gov,Male,Editor
843,Magnum,Sabben,msabbenne@accuweather.com,Male,Sales Associate
844,Laurice,Bissill,lbissillnf@i2i.jp,Female,Cost Accountant
845,Aaron,Sant,asantng@parallels.com,Male,VP Sales
846,Neale,Mebs,nmebsnh@prweb.com,Male,Account Executive
847,Violette,Allchorn,vallchornni@de.vu,Female,Physical Therapy Assistant
848,Fulvia,Radeliffe,fradeliffenj@soup.io,Female,Technical Writer
849,Heriberto,Dewan,hdewannk@aol.com,Male,Internal Auditor
850,Tynan,Pruvost,tpruvostnl@nytimes.com,Male,Actuary
851,Marie,Arboin,marboinnm@123-reg.co.uk,Female,Physical Therapy Assistant
852,Eugene,Croyden,ecroydennn@eepurl.com,Male,Teacher
853,Kin,Nevitt,knevittno@deviantart.com,Male,Recruiting Manager
854,Chandra,Mazella,cmazellanp@deliciousdays.com,Female,Registered Nurse
855,Jackie,Loges,jlogesnq@com.com,Female,Environmental Specialist
856,Deena,Greyes,dgreyesnr@google.es,Genderqueer,Teacher
857,Patrice,Caveau,pcaveauns@a8.net,Male,Research Associate
858,Gerda,Fever,gfevernt@samsung.com,Female,Financial Analyst
859,Costa,Botfield,cbotfieldnu@nifty.com,Male,Social Worker
860,Chick,Hubery,chuberynv@so-net.ne.jp,Male,Systems Administrator I
861,Stephie,Wiz,swiznw@cbc.ca,Female,General Manager
862,Maribelle,Rowbury,mrowburynx@mashable.com,Female,Assistant Media Planner
863,Adolf,O'Ruane,aoruaneny@umn.edu,Male,Human Resources Manager
864,Dallas,Sherrell,dsherrellnz@feedburner.com,Male,Senior Editor
865,Troy,Lazar,tlazaro0@moonfruit.com,Male,Dental Hygienist
866,Hart,Gorger,hgorgero1@rakuten.co.jp,Male,VP Product Management
867,Reg,Drews,rdrewso2@scientificamerican.com,Male,Database Administrator I
868,Patsy,Crowcher,pcrowchero3@123-reg.co.uk,Male,Pharmacist
869,Ram,Dorkin,rdorkino4@opera.com,Male,Computer Systems Analyst III
870,Armand,Golledge,agolledgeo5@unesco.org,Male,Environmental Specialist
871,Archie,Haccleton,ahaccletono6@dell.com,Male,Help Desk Technician
872,Stacee,Nickels,snickelso7@clickbank.net,Male,VP Accounting
873,Lazar,Finlason,lfinlasono8@msu.edu,Male,Senior Developer
874,Pincas,Kilby,pkilbyo9@storify.com,Male,Sales Associate
875,Laverna,Gepson,lgepsonoa@biblegateway.com,Female,Software Consultant
876,Berkeley,Angliss,banglissob@virginia.edu,Male,Actuary
877,Loren,Boteman,lbotemanoc@4shared.com,Female,VP Marketing
878,Vassili,Elintune,velintuneod@1688.com,Male,Developer II
879,Clair,Bestall,cbestalloe@bigcartel.com,Female,Compensation Analyst
880,Esteban,Kearney,ekearneyof@youku.com,Male,Physical Therapy Assistant
881,Vinny,Geerits,vgeeritsog@nih.gov,Male,Dental Hygienist
882,Ainslee,Scowen,ascowenoh@berkeley.edu,Polygender,Human Resources Assistant IV
883,Bev,Clunan,bclunanoi@list-manage.com,Female,Assistant Media Planner
884,Vilhelmina,Donati,vdonatioj@scientificamerican.com,Female,Pharmacist
885,Jermain,Petrushka,jpetrushkaok@linkedin.com,Male,Budget/Accounting Analyst II
886,Norma,Cristoforetti,ncristoforettiol@skype.com,Female,Software Engineer IV
887,Isobel,Masserel,imasserelom@dion.ne.jp,Female,Systems Administrator IV
888,Albert,Panchen,apanchenon@unc.edu,Male,Chemical Engineer
889,Sarah,Pischof,spischofoo@usgs.gov,Female,Sales Representative
890,Liesa,McKevin,lmckevinop@netscape.com,Female,Media Manager I
891,Keelby,McKimmey,kmckimmeyoq@prnewswire.com,Male,Senior Sales Associate
892,Aymer,D'Souza,adsouzaor@weibo.com,Male,Senior Editor
893,Myranda,Markus,mmarkusos@cyberchimps.com,Female,Account Coordinator
894,Flore,Lewtey,flewteyot@mysql.com,Female,Help Desk Technician
895,Clemmie,Gerckens,cgerckensou@oaic.gov.au,Male,Chief Design Engineer
896,Clem,McDougle,cmcdougleov@dagondesign.com,Bigender,Administrative Assistant II
897,Hermon,McQuilkin,hmcquilkinow@hibu.com,Male,Teacher
898,Ruby,Lethabridge,rlethabridgeox@unc.edu,Male,Software Engineer IV
899,Jeffry,Easthope,jeasthopeoy@boston.com,Male,Data Coordinator
900,Alvie,Dayton,adaytonoz@jalbum.net,Male,Data Coordinator
901,Dulcine,Clelland,dclellandp0@joomla.org,Female,Graphic Designer
902,Gwen,Gepp,ggeppp1@de.vu,Female,VP Quality Control
903,Thayne,Lidbetter,tlidbetterp2@prweb.com,Male,Editor
904,Paton,Fermoy,pfermoyp3@discovery.com,Male,Payment Adjustment Coordinator
905,Noach,Ibert,nibertp4@stumbleupon.com,Male,Community Outreach Specialist
906,Giavani,Rucklidge,grucklidgep5@bandcamp.com,Male,Internal Auditor
907,Rickard,Brunel,rbrunelp6@netscape.com,Male,Actuary
908,Vilhelmina,Tendahl,vtendahlp7@google.de,Female,Senior Financial Analyst
909,Alaine,Sowten,asowtenp8@redcross.org,Female,Web Developer I
910,Gabe,Yole,gyolep9@hao123.com,Male,Graphic Designer
911,Dot,Danilchenko,ddanilchenkopa@google.nl,Female,Payment Adjustment Coordinator
912,Laney,Corteney,lcorteneypb@dailymotion.com,Female,Data Coordinator
913,Jackquelin,Deavall,jdeavallpc@seesaa.net,Female,GIS Technical Architect
914,Kipp,Coolahan,kcoolahanpd@unesco.org,Male,Office Assistant II
915,Rudy,Tordoff,rtordoffpe@bravesites.com,Male,Media Manager IV
916,Adolph,Densell,adensellpf@boston.com,Male,Chemical Engineer
917,Josiah,Spinige,jspinigepg@noaa.gov,Male,Quality Control Specialist
918,Trudi,Baish,tbaishph@qq.com,Non-binary,Nuclear Power Engineer
919,Hillary,Damant,hdamantpi@pcworld.com,Agender,Software Test Engineer III
920,Conrado,MacNeill,cmacneillpj@furl.net,Male,Chemical Engineer
921,Jody,Groome,jgroomepk@geocities.com,Agender,Analyst Programmer
922,Christoper,Shenfisch,cshenfischpl@51.la,Male,Programmer III
923,Rex,Brodeau,rbrodeaupm@dagondesign.com,Male,Engineer IV
924,Celeste,Wehnerr,cwehnerrpn@arizona.edu,Female,Librarian
925,Remy,Slayton,rslaytonpo@oracle.com,Female,Physical Therapy Assistant
926,Jed,Canner,jcannerpp@ucoz.ru,Male,Web Developer II
927,Elspeth,Taggart,etaggartpq@seesaa.net,Female,Software Engineer II
928,Yank,Abercrombie,yabercrombiepr@shareasale.com,Male,Software Test Engineer III
929,El,Sandbatch,esandbatchps@fda.gov,Male,Graphic Designer
930,Sullivan,Beart,sbeartpt@forbes.com,Male,Staff Scientist
931,Lek,Sindall,lsindallpu@networkadvertising.org,Male,Environmental Specialist
932,Noam,Aldam,naldampv@t-online.de,Genderfluid,VP Marketing
933,Tammie,Grissett,tgrissettpw@cnet.com,Male,Assistant Media Planner
934,Daphne,Treadway,dtreadwaypx@forbes.com,Female,Assistant Professor
935,Ronny,Gleeton,rgleetonpy@alexa.com,Male,Director of Sales
936,Will,Maffione,wmaffionepz@creativecommons.org,Male,Research Nurse
937,Elbert,Burhill,eburhillq0@patch.com,Male,Physical Therapy Assistant
938,Fergus,Sole,fsoleq1@joomla.org,Male,Internal Auditor
939,Karina,Blundel,kblundelq2@bluehost.com,Female,Editor
940,Reggie,Martinyuk,rmartinyukq3@blinklist.com,Female,Account Coordinator
941,Elva,Moriarty,emoriartyq4@theglobeandmail.com,Female,VP Marketing
942,Cliff,Frede,cfredeq5@google.de,Male,Civil Engineer
943,Perceval,Dumblton,pdumbltonq6@reddit.com,Genderqueer,Tax Accountant
944,Brady,Ainslie,bainslieq7@dmoz.org,Male,General Manager
945,Inge,Sanches,isanchesq8@amazon.co.uk,Bigender,Financial Analyst
946,Benetta,Pollack,bpollackq9@freewebs.com,Female,Business Systems Development Analyst
947,Ernestus,Phillp,ephillpqa@instagram.com,Male,Environmental Specialist
948,Jeth,Olyunin,jolyuninqb@reference.com,Male,Physical Therapy Assistant
949,Teirtza,Village,tvillageqc@walmart.com,Female,Teacher
950,Amby,Saller,asallerqd@rediff.com,Male,Editor
951,Olivie,Luisetti,oluisettiqe@nbcnews.com,Female,Geologist III
952,Dominique,Yitzhok,dyitzhokqf@businessweek.com,Male,Chief Design Engineer
953,Merline,Plummer,mplummerqg@cdbaby.com,Female,Teacher
954,Kassia,Hearthfield,khearthfieldqh@smugmug.com,Female,Assistant Media Planner
955,Dulcy,Measen,dmeasenqi@psu.edu,Female,Help Desk Operator
956,Jameson,Dumbar,jdumbarqj@topsy.com,Male,Product Engineer
957,Britt,Barnardo,bbarnardoqk@storify.com,Male,Staff Scientist
958,Nobe,Gartin,ngartinql@reverbnation.com,Male,Account Executive
959,Care,Faichnie,cfaichnieqm@sciencedirect.com,Male,Senior Sales Associate
960,Sayre,Yoseloff,syoseloffqn@google.ca,Male,Nurse
961,Romola,Coey,rcoeyqo@princeton.edu,Female,Financial Advisor
962,Gaven,Gatenby,ggatenbyqp@mozilla.com,Genderqueer,Actuary
963,Shaina,Rockall,srockallqq@1und1.de,Female,Statistician I
964,Pembroke,Orpin,porpinqr@t-online.de,Male,Payment Adjustment Coordinator
965,Latrina,Dewdeny,ldewdenyqs@usnews.com,Female,Professor
966,Edik,Kemwall,ekemwallqt@example.com,Male,Legal Assistant
967,Ricca,Mattschas,rmattschasqu@mail.ru,Female,Chemical Engineer
968,Megen,Mate,mmateqv@360.cn,Female,Research Nurse
969,Agace,Wiersma,awiersmaqw@flickr.com,Female,Programmer Analyst IV
970,Verne,Drew-Clifton,vdrewcliftonqx@altervista.org,Male,Social Worker
971,Royall,Hillatt,rhillattqy@kickstarter.com,Male,Account Executive
972,Aggi,Kment,akmentqz@hubpages.com,Female,Account Representative IV
973,Brit,Mitchener,bmitchenerr0@google.de,Male,Quality Control Specialist
974,Margie,Mullan,mmullanr1@elpais.com,Agender,Budget/Accounting Analyst IV
975,Kristoforo,Wyllie,kwyllier2@cocolog-nifty.com,Male,Legal Assistant
976,Pennie,Stubbington,pstubbingtonr3@marriott.com,Female,Paralegal
977,Barrie,Silbermann,bsilbermannr4@github.com,Male,Payment Adjustment Coordinator
978,Maisie,Ivanyukov,mivanyukovr5@pinterest.com,Female,Sales Representative
979,Heath,Leyland,hleylandr6@addthis.com,Female,Research Assistant III
980,Ase,Colbourne,acolbourner7@seesaa.net,Male,Technical Writer
981,Arnold,Canada,acanadar8@unicef.org,Male,Web Developer II
982,Almire,Le Fleming,aleflemingr9@nba.com,Female,Human Resources Manager
983,Mauricio,Brunning,mbrunningra@cnn.com,Male,Account Representative IV
984,Barclay,Crossley,bcrossleyrb@washingtonpost.com,Male,VP Sales
985,Barty,Vasilischev,bvasilischevrc@nyu.edu,Male,Mechanical Systems Engineer
986,Chrisy,McNirlan,cmcnirlanrd@timesonline.co.uk,Polygender,VP Marketing
987,Alford,Sexty,asextyre@hostgator.com,Male,Budget/Accounting Analyst III
988,Ariel,Foord,afoordrf@mlb.com,Male,Librarian
989,Hallie,Lozano,hlozanorg@sciencedaily.com,Female,Professor
990,August,Wigzell,awigzellrh@flavors.me,Genderfluid,Software Test Engineer III
991,Vicky,Pitblado,vpitbladori@webs.com,Female,Product Engineer
992,Mari,Bentham,mbenthamrj@trellian.com,Female,Desktop Support Technician
993,Berny,Shier,bshierrk@ucla.edu,Agender,Registered Nurse
994,Conchita,Gumb,cgumbrl@guardian.co.uk,Female,Technical Writer
995,Keen,Brougham,kbroughamrm@a8.net,Male,Statistician I
996,Yvor,Pidgen,ypidgenrn@diigo.com,Male,Engineer III
997,Bernette,Bett,bbettro@macromedia.com,Female,Product Engineer
998,Maxim,Pitman,mpitmanrp@360.cn,Male,Systems Administrator II
999,Sherwynd,Sjollema,ssjollemarq@discovery.com,Genderqueer,Information Systems Manager
1000,Juline,McDuffie,jmcduffierr@zimbio.com,Female,Professor
